abstraction;kernel;nioclusters;ncclusters;buffersize;latency;volume
mailbox;broadcast;0;1;120;44870;120
mailbox;broadcast;0;1;120;45874;120
mailbox;broadcast;0;1;120;45874;120
mailbox;broadcast;0;1;120;45874;120
mailbox;broadcast;0;1;120;45874;120
mailbox;broadcast;0;1;120;45874;120
mailbox;broadcast;0;1;120;45874;120
mailbox;broadcast;0;1;120;45874;120
mailbox;broadcast;0;1;120;45916;120
mailbox;broadcast;0;1;120;45916;120
mailbox;broadcast;0;1;120;45916;120
mailbox;broadcast;0;1;120;45916;120
mailbox;broadcast;0;1;120;45916;120
mailbox;broadcast;0;1;120;45916;120
mailbox;broadcast;0;1;120;45916;120
mailbox;broadcast;0;1;120;45916;120
mailbox;broadcast;0;1;120;45916;120
mailbox;broadcast;0;1;120;46037;120
mailbox;broadcast;0;1;120;46037;120
mailbox;broadcast;0;1;120;46037;120
mailbox;broadcast;0;1;120;46613;120
mailbox;broadcast;0;1;120;46613;120
mailbox;broadcast;0;1;120;46613;120
mailbox;broadcast;0;1;120;46613;120
mailbox;broadcast;0;1;120;46613;120
mailbox;broadcast;0;1;120;46613;120
mailbox;broadcast;0;1;120;46613;120
mailbox;broadcast;0;1;120;46613;120
mailbox;broadcast;0;1;120;46613;120
mailbox;broadcast;0;1;120;46613;120
mailbox;broadcast;0;1;120;46613;120
mailbox;broadcast;0;1;120;46613;120
mailbox;broadcast;0;1;120;46613;120
mailbox;broadcast;0;1;120;46613;120
mailbox;broadcast;0;1;120;46613;120
mailbox;broadcast;0;1;120;46613;120
mailbox;broadcast;0;1;120;46613;120
mailbox;broadcast;0;1;120;46613;120
mailbox;broadcast;0;1;120;46613;120
mailbox;broadcast;0;1;120;46613;120
mailbox;broadcast;0;1;120;46613;120
mailbox;broadcast;0;1;120;46613;120
mailbox;broadcast;0;1;120;46613;120
mailbox;broadcast;0;1;120;46613;120
mailbox;broadcast;0;1;120;46613;120
mailbox;broadcast;0;1;120;46613;120
mailbox;broadcast;0;1;120;46613;120
mailbox;broadcast;0;1;120;46613;120
mailbox;broadcast;0;1;120;46613;120
mailbox;broadcast;0;1;120;46613;120
mailbox;broadcast;0;2;120;54186;120
mailbox;broadcast;0;2;120;55817;120
mailbox;broadcast;0;2;120;55817;120
mailbox;broadcast;0;2;120;56942;120
mailbox;broadcast;0;2;120;56942;120
mailbox;broadcast;0;2;120;56942;120
mailbox;broadcast;0;2;120;56942;120
mailbox;broadcast;0;2;120;56942;120
mailbox;broadcast;0;2;120;56942;120
mailbox;broadcast;0;2;120;56942;120
mailbox;broadcast;0;2;120;56942;120
mailbox;broadcast;0;2;120;56942;120
mailbox;broadcast;0;2;120;56942;120
mailbox;broadcast;0;2;120;56942;120
mailbox;broadcast;0;2;120;56942;120
mailbox;broadcast;0;2;120;56942;120
mailbox;broadcast;0;2;120;56942;120
mailbox;broadcast;0;2;120;56942;120
mailbox;broadcast;0;2;120;57312;120
mailbox;broadcast;0;2;120;57312;120
mailbox;broadcast;0;2;120;57312;120
mailbox;broadcast;0;2;120;57312;120
mailbox;broadcast;0;2;120;57312;120
mailbox;broadcast;0;2;120;57312;120
mailbox;broadcast;0;2;120;57312;120
mailbox;broadcast;0;2;120;57312;120
mailbox;broadcast;0;2;120;57312;120
mailbox;broadcast;0;2;120;57312;120
mailbox;broadcast;0;2;120;57312;120
mailbox;broadcast;0;2;120;57312;120
mailbox;broadcast;0;2;120;57312;120
mailbox;broadcast;0;2;120;57312;120
mailbox;broadcast;0;2;120;57312;120
mailbox;broadcast;0;2;120;57312;120
mailbox;broadcast;0;2;120;57312;120
mailbox;broadcast;0;2;120;57312;120
mailbox;broadcast;0;2;120;57312;120
mailbox;broadcast;0;2;120;57312;120
mailbox;broadcast;0;2;120;57312;120
mailbox;broadcast;0;2;120;57312;120
mailbox;broadcast;0;2;120;57312;120
mailbox;broadcast;0;2;120;57312;120
mailbox;broadcast;0;2;120;57312;120
mailbox;broadcast;0;2;120;57312;120
mailbox;broadcast;0;2;120;57312;120
mailbox;broadcast;0;2;120;57312;120
mailbox;broadcast;0;2;120;57312;120
mailbox;broadcast;0;2;120;57312;120
mailbox;broadcast;0;2;120;57312;120
mailbox;broadcast;0;2;120;57312;120
mailbox;broadcast;0;3;120;65732;120
mailbox;broadcast;0;3;120;65732;120
mailbox;broadcast;0;3;120;66891;120
mailbox;broadcast;0;3;120;66891;120
mailbox;broadcast;0;3;120;66891;120
mailbox;broadcast;0;3;120;66891;120
mailbox;broadcast;0;3;120;66891;120
mailbox;broadcast;0;3;120;66891;120
mailbox;broadcast;0;3;120;67327;120
mailbox;broadcast;0;3;120;67327;120
mailbox;broadcast;0;3;120;67327;120
mailbox;broadcast;0;3;120;67327;120
mailbox;broadcast;0;3;120;67327;120
mailbox;broadcast;0;3;120;67327;120
mailbox;broadcast;0;3;120;67327;120
mailbox;broadcast;0;3;120;67327;120
mailbox;broadcast;0;3;120;67327;120
mailbox;broadcast;0;3;120;67327;120
mailbox;broadcast;0;3;120;67327;120
mailbox;broadcast;0;3;120;67878;120
mailbox;broadcast;0;3;120;67878;120
mailbox;broadcast;0;3;120;67878;120
mailbox;broadcast;0;3;120;67878;120
mailbox;broadcast;0;3;120;67878;120
mailbox;broadcast;0;3;120;67878;120
mailbox;broadcast;0;3;120;67878;120
mailbox;broadcast;0;3;120;67878;120
mailbox;broadcast;0;3;120;67878;120
mailbox;broadcast;0;3;120;67878;120
mailbox;broadcast;0;3;120;67878;120
mailbox;broadcast;0;3;120;67878;120
mailbox;broadcast;0;3;120;67878;120
mailbox;broadcast;0;3;120;67878;120
mailbox;broadcast;0;3;120;67878;120
mailbox;broadcast;0;3;120;67878;120
mailbox;broadcast;0;3;120;67878;120
mailbox;broadcast;0;3;120;67878;120
mailbox;broadcast;0;3;120;67878;120
mailbox;broadcast;0;3;120;67878;120
mailbox;broadcast;0;3;120;67878;120
mailbox;broadcast;0;3;120;67878;120
mailbox;broadcast;0;3;120;67878;120
mailbox;broadcast;0;3;120;67878;120
mailbox;broadcast;0;3;120;67878;120
mailbox;broadcast;0;3;120;67878;120
mailbox;broadcast;0;3;120;67878;120
mailbox;broadcast;0;3;120;67878;120
mailbox;broadcast;0;3;120;67878;120
mailbox;broadcast;0;3;120;67878;120
mailbox;broadcast;0;3;120;67878;120
mailbox;broadcast;0;4;120;75336;120
mailbox;broadcast;0;4;120;78358;120
mailbox;broadcast;0;4;120;78358;120
mailbox;broadcast;0;4;120;78358;120
mailbox;broadcast;0;4;120;78358;120
mailbox;broadcast;0;4;120;78358;120
mailbox;broadcast;0;4;120;78358;120
mailbox;broadcast;0;4;120;78358;120
mailbox;broadcast;0;4;120;78358;120
mailbox;broadcast;0;4;120;78358;120
mailbox;broadcast;0;4;120;78358;120
mailbox;broadcast;0;4;120;78358;120
mailbox;broadcast;0;4;120;78358;120
mailbox;broadcast;0;4;120;78358;120
mailbox;broadcast;0;4;120;78358;120
mailbox;broadcast;0;4;120;78358;120
mailbox;broadcast;0;4;120;78358;120
mailbox;broadcast;0;4;120;78358;120
mailbox;broadcast;0;4;120;78522;120
mailbox;broadcast;0;4;120;78750;120
mailbox;broadcast;0;4;120;78750;120
mailbox;broadcast;0;4;120;78750;120
mailbox;broadcast;0;4;120;78750;120
mailbox;broadcast;0;4;120;78750;120
mailbox;broadcast;0;4;120;78750;120
mailbox;broadcast;0;4;120;78750;120
mailbox;broadcast;0;4;120;78750;120
mailbox;broadcast;0;4;120;78750;120
mailbox;broadcast;0;4;120;78750;120
mailbox;broadcast;0;4;120;78750;120
mailbox;broadcast;0;4;120;78750;120
mailbox;broadcast;0;4;120;78750;120
mailbox;broadcast;0;4;120;78750;120
mailbox;broadcast;0;4;120;78750;120
mailbox;broadcast;0;4;120;78750;120
mailbox;broadcast;0;4;120;78750;120
mailbox;broadcast;0;4;120;78750;120
mailbox;broadcast;0;4;120;78750;120
mailbox;broadcast;0;4;120;78750;120
mailbox;broadcast;0;4;120;78750;120
mailbox;broadcast;0;4;120;78750;120
mailbox;broadcast;0;4;120;78750;120
mailbox;broadcast;0;4;120;78750;120
mailbox;broadcast;0;4;120;78750;120
mailbox;broadcast;0;4;120;78750;120
mailbox;broadcast;0;4;120;78750;120
mailbox;broadcast;0;4;120;78750;120
mailbox;broadcast;0;4;120;78750;120
mailbox;broadcast;0;4;120;78750;120
mailbox;broadcast;0;4;120;78750;120
mailbox;broadcast;0;5;120;76203;120
mailbox;broadcast;0;5;120;76203;120
mailbox;broadcast;0;5;120;78220;120
mailbox;broadcast;0;5;120;78220;120
mailbox;broadcast;0;5;120;78220;120
mailbox;broadcast;0;5;120;78220;120
mailbox;broadcast;0;5;120;78220;120
mailbox;broadcast;0;5;120;78328;120
mailbox;broadcast;0;5;120;78328;120
mailbox;broadcast;0;5;120;78379;120
mailbox;broadcast;0;5;120;78379;120
mailbox;broadcast;0;5;120;78379;120
mailbox;broadcast;0;5;120;78379;120
mailbox;broadcast;0;5;120;78379;120
mailbox;broadcast;0;5;120;78379;120
mailbox;broadcast;0;5;120;78379;120
mailbox;broadcast;0;5;120;78379;120
mailbox;broadcast;0;5;120;78379;120
mailbox;broadcast;0;5;120;78379;120
mailbox;broadcast;0;5;120;78379;120
mailbox;broadcast;0;5;120;78379;120
mailbox;broadcast;0;5;120;78379;120
mailbox;broadcast;0;5;120;78379;120
mailbox;broadcast;0;5;120;78379;120
mailbox;broadcast;0;5;120;78545;120
mailbox;broadcast;0;5;120;78545;120
mailbox;broadcast;0;5;120;78545;120
mailbox;broadcast;0;5;120;78545;120
mailbox;broadcast;0;5;120;78545;120
mailbox;broadcast;0;5;120;78545;120
mailbox;broadcast;0;5;120;78545;120
mailbox;broadcast;0;5;120;78545;120
mailbox;broadcast;0;5;120;78545;120
mailbox;broadcast;0;5;120;78545;120
mailbox;broadcast;0;5;120;78737;120
mailbox;broadcast;0;5;120;78737;120
mailbox;broadcast;0;5;120;78737;120
mailbox;broadcast;0;5;120;78737;120
mailbox;broadcast;0;5;120;78737;120
mailbox;broadcast;0;5;120;78737;120
mailbox;broadcast;0;5;120;78737;120
mailbox;broadcast;0;5;120;78737;120
mailbox;broadcast;0;5;120;78737;120
mailbox;broadcast;0;5;120;78925;120
mailbox;broadcast;0;5;120;78925;120
mailbox;broadcast;0;5;120;78925;120
mailbox;broadcast;0;5;120;78925;120
mailbox;broadcast;0;5;120;78925;120
mailbox;broadcast;0;5;120;78925;120
mailbox;broadcast;0;5;120;78925;120
mailbox;broadcast;0;6;120;76975;120
mailbox;broadcast;0;6;120;76992;120
mailbox;broadcast;0;6;120;77371;120
mailbox;broadcast;0;6;120;77371;120
mailbox;broadcast;0;6;120;78692;120
mailbox;broadcast;0;6;120;78692;120
mailbox;broadcast;0;6;120;78692;120
mailbox;broadcast;0;6;120;78692;120
mailbox;broadcast;0;6;120;78692;120
mailbox;broadcast;0;6;120;78692;120
mailbox;broadcast;0;6;120;78692;120
mailbox;broadcast;0;6;120;78692;120
mailbox;broadcast;0;6;120;78692;120
mailbox;broadcast;0;6;120;78692;120
mailbox;broadcast;0;6;120;78692;120
mailbox;broadcast;0;6;120;78692;120
mailbox;broadcast;0;6;120;78692;120
mailbox;broadcast;0;6;120;78692;120
mailbox;broadcast;0;6;120;78692;120
mailbox;broadcast;0;6;120;78692;120
mailbox;broadcast;0;6;120;78692;120
mailbox;broadcast;0;6;120;78692;120
mailbox;broadcast;0;6;120;78692;120
mailbox;broadcast;0;6;120;78692;120
mailbox;broadcast;0;6;120;78692;120
mailbox;broadcast;0;6;120;78692;120
mailbox;broadcast;0;6;120;78692;120
mailbox;broadcast;0;6;120;78692;120
mailbox;broadcast;0;6;120;78692;120
mailbox;broadcast;0;6;120;78692;120
mailbox;broadcast;0;6;120;78692;120
mailbox;broadcast;0;6;120;78692;120
mailbox;broadcast;0;6;120;78692;120
mailbox;broadcast;0;6;120;78692;120
mailbox;broadcast;0;6;120;78692;120
mailbox;broadcast;0;6;120;78692;120
mailbox;broadcast;0;6;120;78692;120
mailbox;broadcast;0;6;120;78692;120
mailbox;broadcast;0;6;120;78692;120
mailbox;broadcast;0;6;120;78692;120
mailbox;broadcast;0;6;120;78692;120
mailbox;broadcast;0;6;120;78692;120
mailbox;broadcast;0;6;120;78692;120
mailbox;broadcast;0;6;120;78692;120
mailbox;broadcast;0;6;120;78692;120
mailbox;broadcast;0;6;120;78692;120
mailbox;broadcast;0;6;120;78692;120
mailbox;broadcast;0;6;120;78692;120
mailbox;broadcast;0;6;120;78692;120
mailbox;broadcast;0;6;120;78692;120
mailbox;broadcast;0;7;120;78710;120
mailbox;broadcast;0;7;120;78710;120
mailbox;broadcast;0;7;120;78710;120
mailbox;broadcast;0;7;120;78710;120
mailbox;broadcast;0;7;120;78710;120
mailbox;broadcast;0;7;120;78710;120
mailbox;broadcast;0;7;120;78710;120
mailbox;broadcast;0;7;120;78710;120
mailbox;broadcast;0;7;120;78710;120
mailbox;broadcast;0;7;120;78710;120
mailbox;broadcast;0;7;120;78908;120
mailbox;broadcast;0;7;120;78908;120
mailbox;broadcast;0;7;120;79085;120
mailbox;broadcast;0;7;120;79085;120
mailbox;broadcast;0;7;120;79085;120
mailbox;broadcast;0;7;120;79085;120
mailbox;broadcast;0;7;120;79085;120
mailbox;broadcast;0;7;120;79085;120
mailbox;broadcast;0;7;120;79085;120
mailbox;broadcast;0;7;120;79112;120
mailbox;broadcast;0;7;120;79112;120
mailbox;broadcast;0;7;120;79112;120
mailbox;broadcast;0;7;120;79112;120
mailbox;broadcast;0;7;120;79112;120
mailbox;broadcast;0;7;120;79112;120
mailbox;broadcast;0;7;120;79112;120
mailbox;broadcast;0;7;120;79112;120
mailbox;broadcast;0;7;120;79112;120
mailbox;broadcast;0;7;120;79112;120
mailbox;broadcast;0;7;120;79112;120
mailbox;broadcast;0;7;120;79112;120
mailbox;broadcast;0;7;120;79112;120
mailbox;broadcast;0;7;120;79288;120
mailbox;broadcast;0;7;120;79288;120
mailbox;broadcast;0;7;120;79288;120
mailbox;broadcast;0;7;120;79288;120
mailbox;broadcast;0;7;120;79288;120
mailbox;broadcast;0;7;120;79288;120
mailbox;broadcast;0;7;120;79288;120
mailbox;broadcast;0;7;120;79288;120
mailbox;broadcast;0;7;120;79288;120
mailbox;broadcast;0;7;120;79288;120
mailbox;broadcast;0;7;120;79288;120
mailbox;broadcast;0;7;120;79288;120
mailbox;broadcast;0;7;120;79288;120
mailbox;broadcast;0;7;120;79288;120
mailbox;broadcast;0;7;120;79288;120
mailbox;broadcast;0;7;120;79288;120
mailbox;broadcast;0;7;120;79288;120
mailbox;broadcast;0;7;120;79288;120
mailbox;broadcast;0;8;120;77828;120
mailbox;broadcast;0;8;120;77828;120
mailbox;broadcast;0;8;120;78345;120
mailbox;broadcast;0;8;120;78702;120
mailbox;broadcast;0;8;120;78702;120
mailbox;broadcast;0;8;120;78702;120
mailbox;broadcast;0;8;120;78702;120
mailbox;broadcast;0;8;120;78702;120
mailbox;broadcast;0;8;120;79106;120
mailbox;broadcast;0;8;120;79106;120
mailbox;broadcast;0;8;120;79106;120
mailbox;broadcast;0;8;120;79106;120
mailbox;broadcast;0;8;120;79321;120
mailbox;broadcast;0;8;120;79321;120
mailbox;broadcast;0;8;120;79321;120
mailbox;broadcast;0;8;120;79321;120
mailbox;broadcast;0;8;120;79321;120
mailbox;broadcast;0;8;120;79321;120
mailbox;broadcast;0;8;120;79321;120
mailbox;broadcast;0;8;120;79321;120
mailbox;broadcast;0;8;120;79321;120
mailbox;broadcast;0;8;120;79321;120
mailbox;broadcast;0;8;120;79321;120
mailbox;broadcast;0;8;120;79674;120
mailbox;broadcast;0;8;120;79674;120
mailbox;broadcast;0;8;120;79674;120
mailbox;broadcast;0;8;120;79674;120
mailbox;broadcast;0;8;120;79674;120
mailbox;broadcast;0;8;120;79674;120
mailbox;broadcast;0;8;120;79674;120
mailbox;broadcast;0;8;120;79674;120
mailbox;broadcast;0;8;120;79674;120
mailbox;broadcast;0;8;120;79674;120
mailbox;broadcast;0;8;120;79674;120
mailbox;broadcast;0;8;120;79674;120
mailbox;broadcast;0;8;120;79674;120
mailbox;broadcast;0;8;120;79674;120
mailbox;broadcast;0;8;120;79674;120
mailbox;broadcast;0;8;120;79674;120
mailbox;broadcast;0;8;120;79674;120
mailbox;broadcast;0;8;120;79674;120
mailbox;broadcast;0;8;120;79674;120
mailbox;broadcast;0;8;120;79674;120
mailbox;broadcast;0;8;120;79674;120
mailbox;broadcast;0;8;120;79674;120
mailbox;broadcast;0;8;120;79674;120
mailbox;broadcast;0;8;120;79674;120
mailbox;broadcast;0;8;120;79674;120
mailbox;broadcast;0;8;120;79674;120
mailbox;broadcast;0;8;120;79674;120
mailbox;broadcast;0;9;120;76623;120
mailbox;broadcast;0;9;120;76623;120
mailbox;broadcast;0;9;120;77002;120
mailbox;broadcast;0;9;120;77005;120
mailbox;broadcast;0;9;120;79111;120
mailbox;broadcast;0;9;120;79111;120
mailbox;broadcast;0;9;120;79111;120
mailbox;broadcast;0;9;120;79501;120
mailbox;broadcast;0;9;120;79501;120
mailbox;broadcast;0;9;120;79501;120
mailbox;broadcast;0;9;120;79501;120
mailbox;broadcast;0;9;120;79501;120
mailbox;broadcast;0;9;120;79501;120
mailbox;broadcast;0;9;120;79527;120
mailbox;broadcast;0;9;120;79527;120
mailbox;broadcast;0;9;120;79527;120
mailbox;broadcast;0;9;120;79527;120
mailbox;broadcast;0;9;120;79527;120
mailbox;broadcast;0;9;120;79527;120
mailbox;broadcast;0;9;120;79527;120
mailbox;broadcast;0;9;120;79527;120
mailbox;broadcast;0;9;120;79527;120
mailbox;broadcast;0;9;120;79527;120
mailbox;broadcast;0;9;120;79527;120
mailbox;broadcast;0;9;120;79527;120
mailbox;broadcast;0;9;120;79683;120
mailbox;broadcast;0;9;120;79683;120
mailbox;broadcast;0;9;120;79683;120
mailbox;broadcast;0;9;120;79683;120
mailbox;broadcast;0;9;120;79683;120
mailbox;broadcast;0;9;120;79683;120
mailbox;broadcast;0;9;120;79683;120
mailbox;broadcast;0;9;120;79683;120
mailbox;broadcast;0;9;120;79683;120
mailbox;broadcast;0;9;120;79683;120
mailbox;broadcast;0;9;120;79683;120
mailbox;broadcast;0;9;120;79683;120
mailbox;broadcast;0;9;120;79683;120
mailbox;broadcast;0;9;120;79683;120
mailbox;broadcast;0;9;120;79683;120
mailbox;broadcast;0;9;120;79683;120
mailbox;broadcast;0;9;120;79683;120
mailbox;broadcast;0;9;120;79683;120
mailbox;broadcast;0;9;120;79683;120
mailbox;broadcast;0;9;120;79683;120
mailbox;broadcast;0;9;120;79683;120
mailbox;broadcast;0;9;120;79683;120
mailbox;broadcast;0;9;120;79683;120
mailbox;broadcast;0;9;120;79683;120
mailbox;broadcast;0;9;120;79683;120
mailbox;broadcast;0;10;120;77413;120
mailbox;broadcast;0;10;120;78402;120
mailbox;broadcast;0;10;120;78915;120
mailbox;broadcast;0;10;120;79469;120
mailbox;broadcast;0;10;120;79469;120
mailbox;broadcast;0;10;120;79469;120
mailbox;broadcast;0;10;120;79469;120
mailbox;broadcast;0;10;120;79469;120
mailbox;broadcast;0;10;120;79469;120
mailbox;broadcast;0;10;120;79469;120
mailbox;broadcast;0;10;120;79469;120
mailbox;broadcast;0;10;120;79469;120
mailbox;broadcast;0;10;120;79512;120
mailbox;broadcast;0;10;120;79512;120
mailbox;broadcast;0;10;120;79512;120
mailbox;broadcast;0;10;120;79512;120
mailbox;broadcast;0;10;120;79841;120
mailbox;broadcast;0;10;120;79841;120
mailbox;broadcast;0;10;120;79841;120
mailbox;broadcast;0;10;120;79841;120
mailbox;broadcast;0;10;120;79841;120
mailbox;broadcast;0;10;120;79923;120
mailbox;broadcast;0;10;120;79923;120
mailbox;broadcast;0;10;120;79923;120
mailbox;broadcast;0;10;120;80063;120
mailbox;broadcast;0;10;120;80063;120
mailbox;broadcast;0;10;120;80063;120
mailbox;broadcast;0;10;120;80063;120
mailbox;broadcast;0;10;120;80063;120
mailbox;broadcast;0;10;120;80063;120
mailbox;broadcast;0;10;120;80063;120
mailbox;broadcast;0;10;120;80063;120
mailbox;broadcast;0;10;120;80063;120
mailbox;broadcast;0;10;120;80063;120
mailbox;broadcast;0;10;120;80063;120
mailbox;broadcast;0;10;120;80063;120
mailbox;broadcast;0;10;120;80063;120
mailbox;broadcast;0;10;120;80063;120
mailbox;broadcast;0;10;120;80063;120
mailbox;broadcast;0;10;120;80063;120
mailbox;broadcast;0;10;120;80063;120
mailbox;broadcast;0;10;120;80063;120
mailbox;broadcast;0;10;120;80063;120
mailbox;broadcast;0;10;120;80063;120
mailbox;broadcast;0;10;120;80063;120
mailbox;broadcast;0;10;120;80063;120
mailbox;broadcast;0;10;120;80063;120
mailbox;broadcast;0;10;120;80063;120
mailbox;broadcast;0;10;120;80063;120
mailbox;broadcast;0;10;120;80063;120
mailbox;broadcast;0;11;120;77822;120
mailbox;broadcast;0;11;120;78477;120
mailbox;broadcast;0;11;120;79094;120
mailbox;broadcast;0;11;120;80056;120
mailbox;broadcast;0;11;120;80056;120
mailbox;broadcast;0;11;120;80056;120
mailbox;broadcast;0;11;120;80056;120
mailbox;broadcast;0;11;120;80056;120
mailbox;broadcast;0;11;120;80056;120
mailbox;broadcast;0;11;120;80056;120
mailbox;broadcast;0;11;120;80056;120
mailbox;broadcast;0;11;120;80056;120
mailbox;broadcast;0;11;120;80056;120
mailbox;broadcast;0;11;120;80056;120
mailbox;broadcast;0;11;120;80056;120
mailbox;broadcast;0;11;120;80056;120
mailbox;broadcast;0;11;120;80056;120
mailbox;broadcast;0;11;120;80056;120
mailbox;broadcast;0;11;120;80056;120
mailbox;broadcast;0;11;120;80056;120
mailbox;broadcast;0;11;120;80056;120
mailbox;broadcast;0;11;120;80056;120
mailbox;broadcast;0;11;120;80056;120
mailbox;broadcast;0;11;120;80056;120
mailbox;broadcast;0;11;120;80056;120
mailbox;broadcast;0;11;120;80056;120
mailbox;broadcast;0;11;120;80056;120
mailbox;broadcast;0;11;120;80056;120
mailbox;broadcast;0;11;120;80056;120
mailbox;broadcast;0;11;120;80056;120
mailbox;broadcast;0;11;120;80056;120
mailbox;broadcast;0;11;120;80056;120
mailbox;broadcast;0;11;120;80056;120
mailbox;broadcast;0;11;120;80056;120
mailbox;broadcast;0;11;120;80056;120
mailbox;broadcast;0;11;120;80056;120
mailbox;broadcast;0;11;120;80056;120
mailbox;broadcast;0;11;120;80056;120
mailbox;broadcast;0;11;120;80056;120
mailbox;broadcast;0;11;120;80056;120
mailbox;broadcast;0;11;120;80056;120
mailbox;broadcast;0;11;120;80056;120
mailbox;broadcast;0;11;120;80056;120
mailbox;broadcast;0;11;120;80056;120
mailbox;broadcast;0;11;120;80056;120
mailbox;broadcast;0;11;120;80056;120
mailbox;broadcast;0;11;120;80056;120
mailbox;broadcast;0;11;120;80056;120
mailbox;broadcast;0;11;120;80056;120
mailbox;broadcast;0;11;120;80056;120
mailbox;broadcast;0;12;120;78938;120
mailbox;broadcast;0;12;120;78950;120
mailbox;broadcast;0;12;120;78950;120
mailbox;broadcast;0;12;120;78950;120
mailbox;broadcast;0;12;120;78950;120
mailbox;broadcast;0;12;120;79883;120
mailbox;broadcast;0;12;120;80065;120
mailbox;broadcast;0;12;120;80065;120
mailbox;broadcast;0;12;120;80065;120
mailbox;broadcast;0;12;120;80065;120
mailbox;broadcast;0;12;120;80065;120
mailbox;broadcast;0;12;120;80065;120
mailbox;broadcast;0;12;120;80065;120
mailbox;broadcast;0;12;120;80065;120
mailbox;broadcast;0;12;120;80261;120
mailbox;broadcast;0;12;120;80673;120
mailbox;broadcast;0;12;120;80673;120
mailbox;broadcast;0;12;120;80673;120
mailbox;broadcast;0;12;120;80673;120
mailbox;broadcast;0;12;120;80673;120
mailbox;broadcast;0;12;120;80673;120
mailbox;broadcast;0;12;120;80673;120
mailbox;broadcast;0;12;120;80673;120
mailbox;broadcast;0;12;120;80673;120
mailbox;broadcast;0;12;120;80673;120
mailbox;broadcast;0;12;120;80673;120
mailbox;broadcast;0;12;120;80673;120
mailbox;broadcast;0;12;120;80673;120
mailbox;broadcast;0;12;120;80673;120
mailbox;broadcast;0;12;120;80673;120
mailbox;broadcast;0;12;120;80673;120
mailbox;broadcast;0;12;120;80673;120
mailbox;broadcast;0;12;120;80673;120
mailbox;broadcast;0;12;120;80673;120
mailbox;broadcast;0;12;120;80673;120
mailbox;broadcast;0;12;120;80673;120
mailbox;broadcast;0;12;120;80673;120
mailbox;broadcast;0;12;120;80673;120
mailbox;broadcast;0;12;120;80673;120
mailbox;broadcast;0;12;120;80673;120
mailbox;broadcast;0;12;120;80673;120
mailbox;broadcast;0;12;120;80673;120
mailbox;broadcast;0;12;120;80673;120
mailbox;broadcast;0;12;120;80673;120
mailbox;broadcast;0;12;120;80673;120
mailbox;broadcast;0;12;120;80673;120
mailbox;broadcast;0;12;120;80673;120
mailbox;broadcast;0;12;120;80673;120
mailbox;broadcast;0;12;120;80673;120
mailbox;broadcast;0;12;120;80673;120
mailbox;broadcast;0;13;120;77628;120
mailbox;broadcast;0;13;120;78787;120
mailbox;broadcast;0;13;120;80459;120
mailbox;broadcast;0;13;120;80671;120
mailbox;broadcast;0;13;120;80671;120
mailbox;broadcast;0;13;120;80671;120
mailbox;broadcast;0;13;120;80856;120
mailbox;broadcast;0;13;120;80856;120
mailbox;broadcast;0;13;120;80856;120
mailbox;broadcast;0;13;120;80856;120
mailbox;broadcast;0;13;120;80856;120
mailbox;broadcast;0;13;120;80856;120
mailbox;broadcast;0;13;120;80856;120
mailbox;broadcast;0;13;120;80856;120
mailbox;broadcast;0;13;120;80856;120
mailbox;broadcast;0;13;120;80856;120
mailbox;broadcast;0;13;120;80856;120
mailbox;broadcast;0;13;120;80856;120
mailbox;broadcast;0;13;120;80856;120
mailbox;broadcast;0;13;120;80856;120
mailbox;broadcast;0;13;120;81771;120
mailbox;broadcast;0;13;120;81771;120
mailbox;broadcast;0;13;120;81771;120
mailbox;broadcast;0;13;120;81771;120
mailbox;broadcast;0;13;120;81771;120
mailbox;broadcast;0;13;120;81771;120
mailbox;broadcast;0;13;120;81771;120
mailbox;broadcast;0;13;120;81771;120
mailbox;broadcast;0;13;120;81771;120
mailbox;broadcast;0;13;120;81771;120
mailbox;broadcast;0;13;120;81771;120
mailbox;broadcast;0;13;120;81771;120
mailbox;broadcast;0;13;120;81771;120
mailbox;broadcast;0;13;120;81771;120
mailbox;broadcast;0;13;120;81771;120
mailbox;broadcast;0;13;120;81771;120
mailbox;broadcast;0;13;120;81771;120
mailbox;broadcast;0;13;120;81771;120
mailbox;broadcast;0;13;120;81771;120
mailbox;broadcast;0;13;120;81771;120
mailbox;broadcast;0;13;120;81771;120
mailbox;broadcast;0;13;120;81771;120
mailbox;broadcast;0;13;120;81771;120
mailbox;broadcast;0;13;120;81771;120
mailbox;broadcast;0;13;120;81771;120
mailbox;broadcast;0;13;120;81771;120
mailbox;broadcast;0;13;120;81771;120
mailbox;broadcast;0;13;120;81771;120
mailbox;broadcast;0;13;120;81771;120
mailbox;broadcast;0;13;120;81771;120
mailbox;broadcast;0;14;120;79457;120
mailbox;broadcast;0;14;120;80442;120
mailbox;broadcast;0;14;120;80442;120
mailbox;broadcast;0;14;120;80595;120
mailbox;broadcast;0;14;120;81564;120
mailbox;broadcast;0;14;120;81564;120
mailbox;broadcast;0;14;120;81564;120
mailbox;broadcast;0;14;120;81564;120
mailbox;broadcast;0;14;120;81564;120
mailbox;broadcast;0;14;120;81564;120
mailbox;broadcast;0;14;120;81564;120
mailbox;broadcast;0;14;120;81564;120
mailbox;broadcast;0;14;120;81564;120
mailbox;broadcast;0;14;120;81564;120
mailbox;broadcast;0;14;120;81564;120
mailbox;broadcast;0;14;120;81564;120
mailbox;broadcast;0;14;120;81564;120
mailbox;broadcast;0;14;120;81564;120
mailbox;broadcast;0;14;120;81564;120
mailbox;broadcast;0;14;120;81564;120
mailbox;broadcast;0;14;120;81564;120
mailbox;broadcast;0;14;120;81564;120
mailbox;broadcast;0;14;120;81564;120
mailbox;broadcast;0;14;120;81564;120
mailbox;broadcast;0;14;120;81564;120
mailbox;broadcast;0;14;120;81564;120
mailbox;broadcast;0;14;120;81564;120
mailbox;broadcast;0;14;120;81564;120
mailbox;broadcast;0;14;120;81564;120
mailbox;broadcast;0;14;120;81564;120
mailbox;broadcast;0;14;120;81564;120
mailbox;broadcast;0;14;120;81564;120
mailbox;broadcast;0;14;120;81564;120
mailbox;broadcast;0;14;120;81564;120
mailbox;broadcast;0;14;120;81564;120
mailbox;broadcast;0;14;120;81564;120
mailbox;broadcast;0;14;120;81564;120
mailbox;broadcast;0;14;120;81564;120
mailbox;broadcast;0;14;120;81564;120
mailbox;broadcast;0;14;120;81564;120
mailbox;broadcast;0;14;120;81564;120
mailbox;broadcast;0;14;120;81564;120
mailbox;broadcast;0;14;120;81564;120
mailbox;broadcast;0;14;120;81564;120
mailbox;broadcast;0;14;120;81564;120
mailbox;broadcast;0;14;120;81564;120
mailbox;broadcast;0;14;120;81564;120
mailbox;broadcast;0;14;120;81564;120
mailbox;broadcast;0;14;120;81564;120
mailbox;broadcast;0;14;120;81564;120
mailbox;broadcast;0;15;120;81049;120
mailbox;broadcast;0;15;120;81049;120
mailbox;broadcast;0;15;120;81049;120
mailbox;broadcast;0;15;120;81049;120
mailbox;broadcast;0;15;120;81049;120
mailbox;broadcast;0;15;120;81049;120
mailbox;broadcast;0;15;120;81049;120
mailbox;broadcast;0;15;120;81049;120
mailbox;broadcast;0;15;120;81049;120
mailbox;broadcast;0;15;120;81049;120
mailbox;broadcast;0;15;120;81049;120
mailbox;broadcast;0;15;120;81049;120
mailbox;broadcast;0;15;120;81226;120
mailbox;broadcast;0;15;120;81226;120
mailbox;broadcast;0;15;120;81226;120
mailbox;broadcast;0;15;120;81264;120
mailbox;broadcast;0;15;120;81264;120
mailbox;broadcast;0;15;120;81264;120
mailbox;broadcast;0;15;120;81264;120
mailbox;broadcast;0;15;120;81264;120
mailbox;broadcast;0;15;120;81264;120
mailbox;broadcast;0;15;120;81264;120
mailbox;broadcast;0;15;120;81264;120
mailbox;broadcast;0;15;120;81264;120
mailbox;broadcast;0;15;120;81264;120
mailbox;broadcast;0;15;120;81407;120
mailbox;broadcast;0;15;120;81407;120
mailbox;broadcast;0;15;120;81407;120
mailbox;broadcast;0;15;120;81407;120
mailbox;broadcast;0;15;120;81407;120
mailbox;broadcast;0;15;120;81407;120
mailbox;broadcast;0;15;120;81407;120
mailbox;broadcast;0;15;120;81407;120
mailbox;broadcast;0;15;120;81407;120
mailbox;broadcast;0;15;120;82346;120
mailbox;broadcast;0;15;120;82346;120
mailbox;broadcast;0;15;120;82346;120
mailbox;broadcast;0;15;120;82346;120
mailbox;broadcast;0;15;120;82346;120
mailbox;broadcast;0;15;120;82346;120
mailbox;broadcast;0;15;120;82346;120
mailbox;broadcast;0;15;120;82346;120
mailbox;broadcast;0;15;120;82346;120
mailbox;broadcast;0;15;120;82346;120
mailbox;broadcast;0;15;120;82346;120
mailbox;broadcast;0;15;120;82346;120
mailbox;broadcast;0;15;120;82346;120
mailbox;broadcast;0;15;120;82346;120
mailbox;broadcast;0;15;120;82346;120
mailbox;broadcast;0;15;120;82346;120
mailbox;broadcast;0;16;120;81780;120
mailbox;broadcast;0;16;120;81780;120
mailbox;broadcast;0;16;120;81780;120
mailbox;broadcast;0;16;120;81780;120
mailbox;broadcast;0;16;120;81780;120
mailbox;broadcast;0;16;120;81780;120
mailbox;broadcast;0;16;120;81780;120
mailbox;broadcast;0;16;120;82783;120
mailbox;broadcast;0;16;120;82783;120
mailbox;broadcast;0;16;120;82783;120
mailbox;broadcast;0;16;120;82783;120
mailbox;broadcast;0;16;120;82783;120
mailbox;broadcast;0;16;120;82930;120
mailbox;broadcast;0;16;120;82930;120
mailbox;broadcast;0;16;120;82930;120
mailbox;broadcast;0;16;120;82930;120
mailbox;broadcast;0;16;120;82930;120
mailbox;broadcast;0;16;120;82930;120
mailbox;broadcast;0;16;120;82930;120
mailbox;broadcast;0;16;120;82930;120
mailbox;broadcast;0;16;120;82930;120
mailbox;broadcast;0;16;120;82930;120
mailbox;broadcast;0;16;120;82930;120
mailbox;broadcast;0;16;120;82930;120
mailbox;broadcast;0;16;120;82930;120
mailbox;broadcast;0;16;120;82930;120
mailbox;broadcast;0;16;120;82930;120
mailbox;broadcast;0;16;120;82930;120
mailbox;broadcast;0;16;120;82930;120
mailbox;broadcast;0;16;120;82930;120
mailbox;broadcast;0;16;120;82930;120
mailbox;broadcast;0;16;120;82930;120
mailbox;broadcast;0;16;120;82930;120
mailbox;broadcast;0;16;120;82930;120
mailbox;broadcast;0;16;120;82930;120
mailbox;broadcast;0;16;120;82930;120
mailbox;broadcast;0;16;120;82930;120
mailbox;broadcast;0;16;120;82930;120
mailbox;broadcast;0;16;120;82930;120
mailbox;broadcast;0;16;120;82930;120
mailbox;broadcast;0;16;120;82930;120
mailbox;broadcast;0;16;120;82930;120
mailbox;broadcast;0;16;120;82930;120
mailbox;broadcast;0;16;120;82930;120
mailbox;broadcast;0;16;120;82930;120
mailbox;broadcast;0;16;120;82930;120
mailbox;broadcast;0;16;120;82930;120
mailbox;broadcast;0;16;120;82930;120
mailbox;broadcast;0;16;120;82930;120
mailbox;broadcast;0;16;120;82930;120
mailbox;broadcast;1;1;120;71621;120
mailbox;broadcast;1;1;120;71621;120
mailbox;broadcast;1;1;120;71621;120
mailbox;broadcast;1;1;120;71621;120
mailbox;broadcast;1;1;120;71621;120
mailbox;broadcast;1;1;120;71621;120
mailbox;broadcast;1;1;120;71621;120
mailbox;broadcast;1;1;120;71621;120
mailbox;broadcast;1;1;120;71621;120
mailbox;broadcast;1;1;120;71621;120
mailbox;broadcast;1;1;120;71621;120
mailbox;broadcast;1;1;120;71621;120
mailbox;broadcast;1;1;120;71621;120
mailbox;broadcast;1;1;120;71621;120
mailbox;broadcast;1;1;120;71621;120
mailbox;broadcast;1;1;120;71621;120
mailbox;broadcast;1;1;120;71621;120
mailbox;broadcast;1;1;120;71621;120
mailbox;broadcast;1;1;120;71621;120
mailbox;broadcast;1;1;120;71621;120
mailbox;broadcast;1;1;120;71929;120
mailbox;broadcast;1;1;120;71929;120
mailbox;broadcast;1;1;120;71929;120
mailbox;broadcast;1;1;120;71929;120
mailbox;broadcast;1;1;120;71929;120
mailbox;broadcast;1;1;120;71929;120
mailbox;broadcast;1;1;120;71929;120
mailbox;broadcast;1;1;120;71929;120
mailbox;broadcast;1;1;120;71929;120
mailbox;broadcast;1;1;120;71929;120
mailbox;broadcast;1;1;120;71929;120
mailbox;broadcast;1;1;120;71929;120
mailbox;broadcast;1;1;120;71929;120
mailbox;broadcast;1;1;120;71929;120
mailbox;broadcast;1;1;120;71929;120
mailbox;broadcast;1;1;120;71929;120
mailbox;broadcast;1;1;120;71929;120
mailbox;broadcast;1;1;120;71929;120
mailbox;broadcast;1;1;120;71929;120
mailbox;broadcast;1;1;120;71929;120
mailbox;broadcast;1;1;120;71929;120
mailbox;broadcast;1;1;120;71929;120
mailbox;broadcast;1;1;120;71929;120
mailbox;broadcast;1;1;120;71929;120
mailbox;broadcast;1;1;120;71929;120
mailbox;broadcast;1;1;120;71929;120
mailbox;broadcast;1;1;120;71929;120
mailbox;broadcast;1;1;120;71929;120
mailbox;broadcast;1;1;120;71929;120
mailbox;broadcast;1;1;120;71929;120
mailbox;broadcast;1;2;120;80726;120
mailbox;broadcast;1;2;120;81978;120
mailbox;broadcast;1;2;120;81978;120
mailbox;broadcast;1;2;120;83176;120
mailbox;broadcast;1;2;120;83176;120
mailbox;broadcast;1;2;120;83176;120
mailbox;broadcast;1;2;120;83176;120
mailbox;broadcast;1;2;120;83176;120
mailbox;broadcast;1;2;120;83176;120
mailbox;broadcast;1;2;120;83176;120
mailbox;broadcast;1;2;120;83176;120
mailbox;broadcast;1;2;120;83176;120
mailbox;broadcast;1;2;120;83176;120
mailbox;broadcast;1;2;120;83176;120
mailbox;broadcast;1;2;120;83176;120
mailbox;broadcast;1;2;120;83176;120
mailbox;broadcast;1;2;120;83176;120
mailbox;broadcast;1;2;120;83176;120
mailbox;broadcast;1;2;120;83176;120
mailbox;broadcast;1;2;120;83176;120
mailbox;broadcast;1;2;120;83176;120
mailbox;broadcast;1;2;120;83176;120
mailbox;broadcast;1;2;120;83176;120
mailbox;broadcast;1;2;120;83176;120
mailbox;broadcast;1;2;120;83176;120
mailbox;broadcast;1;2;120;83176;120
mailbox;broadcast;1;2;120;83176;120
mailbox;broadcast;1;2;120;83176;120
mailbox;broadcast;1;2;120;83176;120
mailbox;broadcast;1;2;120;83176;120
mailbox;broadcast;1;2;120;83176;120
mailbox;broadcast;1;2;120;83176;120
mailbox;broadcast;1;2;120;83870;120
mailbox;broadcast;1;2;120;83870;120
mailbox;broadcast;1;2;120;83870;120
mailbox;broadcast;1;2;120;83870;120
mailbox;broadcast;1;2;120;83870;120
mailbox;broadcast;1;2;120;83870;120
mailbox;broadcast;1;2;120;83870;120
mailbox;broadcast;1;2;120;83870;120
mailbox;broadcast;1;2;120;83870;120
mailbox;broadcast;1;2;120;83870;120
mailbox;broadcast;1;2;120;83870;120
mailbox;broadcast;1;2;120;83870;120
mailbox;broadcast;1;2;120;83870;120
mailbox;broadcast;1;2;120;83870;120
mailbox;broadcast;1;2;120;83870;120
mailbox;broadcast;1;2;120;83870;120
mailbox;broadcast;1;2;120;83870;120
mailbox;broadcast;1;2;120;83870;120
mailbox;broadcast;1;3;120;89954;120
mailbox;broadcast;1;3;120;92480;120
mailbox;broadcast;1;3;120;92480;120
mailbox;broadcast;1;3;120;92511;120
mailbox;broadcast;1;3;120;92511;120
mailbox;broadcast;1;3;120;92511;120
mailbox;broadcast;1;3;120;94092;120
mailbox;broadcast;1;3;120;94092;120
mailbox;broadcast;1;3;120;94092;120
mailbox;broadcast;1;3;120;94092;120
mailbox;broadcast;1;3;120;94106;120
mailbox;broadcast;1;3;120;94106;120
mailbox;broadcast;1;3;120;94106;120
mailbox;broadcast;1;3;120;94106;120
mailbox;broadcast;1;3;120;94106;120
mailbox;broadcast;1;3;120;94106;120
mailbox;broadcast;1;3;120;94106;120
mailbox;broadcast;1;3;120;94106;120
mailbox;broadcast;1;3;120;94106;120
mailbox;broadcast;1;3;120;94106;120
mailbox;broadcast;1;3;120;94106;120
mailbox;broadcast;1;3;120;94106;120
mailbox;broadcast;1;3;120;94106;120
mailbox;broadcast;1;3;120;94106;120
mailbox;broadcast;1;3;120;94106;120
mailbox;broadcast;1;3;120;94106;120
mailbox;broadcast;1;3;120;94106;120
mailbox;broadcast;1;3;120;94106;120
mailbox;broadcast;1;3;120;94106;120
mailbox;broadcast;1;3;120;94106;120
mailbox;broadcast;1;3;120;94106;120
mailbox;broadcast;1;3;120;94106;120
mailbox;broadcast;1;3;120;94106;120
mailbox;broadcast;1;3;120;94106;120
mailbox;broadcast;1;3;120;94106;120
mailbox;broadcast;1;3;120;94106;120
mailbox;broadcast;1;3;120;94106;120
mailbox;broadcast;1;3;120;94106;120
mailbox;broadcast;1;3;120;94106;120
mailbox;broadcast;1;3;120;94106;120
mailbox;broadcast;1;3;120;94106;120
mailbox;broadcast;1;3;120;94106;120
mailbox;broadcast;1;3;120;94106;120
mailbox;broadcast;1;3;120;94106;120
mailbox;broadcast;1;3;120;94106;120
mailbox;broadcast;1;3;120;94106;120
mailbox;broadcast;1;3;120;94106;120
mailbox;broadcast;1;3;120;94106;120
mailbox;broadcast;1;3;120;94106;120
mailbox;broadcast;1;3;120;94106;120
mailbox;broadcast;1;4;120;93083;120
mailbox;broadcast;1;4;120;93083;120
mailbox;broadcast;1;4;120;93083;120
mailbox;broadcast;1;4;120;93083;120
mailbox;broadcast;1;4;120;93083;120
mailbox;broadcast;1;4;120;93083;120
mailbox;broadcast;1;4;120;93083;120
mailbox;broadcast;1;4;120;93083;120
mailbox;broadcast;1;4;120;93083;120
mailbox;broadcast;1;4;120;95381;120
mailbox;broadcast;1;4;120;95472;120
mailbox;broadcast;1;4;120;95472;120
mailbox;broadcast;1;4;120;95472;120
mailbox;broadcast;1;4;120;95472;120
mailbox;broadcast;1;4;120;95472;120
mailbox;broadcast;1;4;120;95472;120
mailbox;broadcast;1;4;120;95472;120
mailbox;broadcast;1;4;120;95472;120
mailbox;broadcast;1;4;120;95472;120
mailbox;broadcast;1;4;120;95472;120
mailbox;broadcast;1;4;120;95472;120
mailbox;broadcast;1;4;120;95472;120
mailbox;broadcast;1;4;120;95472;120
mailbox;broadcast;1;4;120;95472;120
mailbox;broadcast;1;4;120;95472;120
mailbox;broadcast;1;4;120;95472;120
mailbox;broadcast;1;4;120;95472;120
mailbox;broadcast;1;4;120;95472;120
mailbox;broadcast;1;4;120;95472;120
mailbox;broadcast;1;4;120;95622;120
mailbox;broadcast;1;4;120;95622;120
mailbox;broadcast;1;4;120;95622;120
mailbox;broadcast;1;4;120;95622;120
mailbox;broadcast;1;4;120;95622;120
mailbox;broadcast;1;4;120;95622;120
mailbox;broadcast;1;4;120;95622;120
mailbox;broadcast;1;4;120;95622;120
mailbox;broadcast;1;4;120;95622;120
mailbox;broadcast;1;4;120;95622;120
mailbox;broadcast;1;4;120;95622;120
mailbox;broadcast;1;4;120;95622;120
mailbox;broadcast;1;4;120;95622;120
mailbox;broadcast;1;4;120;95622;120
mailbox;broadcast;1;4;120;95622;120
mailbox;broadcast;1;4;120;95622;120
mailbox;broadcast;1;4;120;95622;120
mailbox;broadcast;1;4;120;95622;120
mailbox;broadcast;1;4;120;95622;120
mailbox;broadcast;1;4;120;95622;120
mailbox;broadcast;1;4;120;95622;120
mailbox;broadcast;1;5;120;91176;120
mailbox;broadcast;1;5;120;91385;120
mailbox;broadcast;1;5;120;93082;120
mailbox;broadcast;1;5;120;93082;120
mailbox;broadcast;1;5;120;93082;120
mailbox;broadcast;1;5;120;93082;120
mailbox;broadcast;1;5;120;93082;120
mailbox;broadcast;1;5;120;93082;120
mailbox;broadcast;1;5;120;93508;120
mailbox;broadcast;1;5;120;93508;120
mailbox;broadcast;1;5;120;93508;120
mailbox;broadcast;1;5;120;95765;120
mailbox;broadcast;1;5;120;95765;120
mailbox;broadcast;1;5;120;95765;120
mailbox;broadcast;1;5;120;95765;120
mailbox;broadcast;1;5;120;95765;120
mailbox;broadcast;1;5;120;95765;120
mailbox;broadcast;1;5;120;95765;120
mailbox;broadcast;1;5;120;95765;120
mailbox;broadcast;1;5;120;95765;120
mailbox;broadcast;1;5;120;95765;120
mailbox;broadcast;1;5;120;95765;120
mailbox;broadcast;1;5;120;95765;120
mailbox;broadcast;1;5;120;95765;120
mailbox;broadcast;1;5;120;95765;120
mailbox;broadcast;1;5;120;95765;120
mailbox;broadcast;1;5;120;95765;120
mailbox;broadcast;1;5;120;95765;120
mailbox;broadcast;1;5;120;95765;120
mailbox;broadcast;1;5;120;95765;120
mailbox;broadcast;1;5;120;95765;120
mailbox;broadcast;1;5;120;95765;120
mailbox;broadcast;1;5;120;95765;120
mailbox;broadcast;1;5;120;95765;120
mailbox;broadcast;1;5;120;95765;120
mailbox;broadcast;1;5;120;95765;120
mailbox;broadcast;1;5;120;95765;120
mailbox;broadcast;1;5;120;95765;120
mailbox;broadcast;1;5;120;95765;120
mailbox;broadcast;1;5;120;95765;120
mailbox;broadcast;1;5;120;95765;120
mailbox;broadcast;1;5;120;95765;120
mailbox;broadcast;1;5;120;95765;120
mailbox;broadcast;1;5;120;95765;120
mailbox;broadcast;1;5;120;95765;120
mailbox;broadcast;1;5;120;95765;120
mailbox;broadcast;1;5;120;95765;120
mailbox;broadcast;1;5;120;95765;120
mailbox;broadcast;1;5;120;95765;120
mailbox;broadcast;1;5;120;95765;120
mailbox;broadcast;1;6;120;93585;120
mailbox;broadcast;1;6;120;93793;120
mailbox;broadcast;1;6;120;93793;120
mailbox;broadcast;1;6;120;93793;120
mailbox;broadcast;1;6;120;96069;120
mailbox;broadcast;1;6;120;96069;120
mailbox;broadcast;1;6;120;96069;120
mailbox;broadcast;1;6;120;96069;120
mailbox;broadcast;1;6;120;96069;120
mailbox;broadcast;1;6;120;96069;120
mailbox;broadcast;1;6;120;96069;120
mailbox;broadcast;1;6;120;96069;120
mailbox;broadcast;1;6;120;96069;120
mailbox;broadcast;1;6;120;96069;120
mailbox;broadcast;1;6;120;96069;120
mailbox;broadcast;1;6;120;96069;120
mailbox;broadcast;1;6;120;96069;120
mailbox;broadcast;1;6;120;96069;120
mailbox;broadcast;1;6;120;96069;120
mailbox;broadcast;1;6;120;96069;120
mailbox;broadcast;1;6;120;96069;120
mailbox;broadcast;1;6;120;96069;120
mailbox;broadcast;1;6;120;96069;120
mailbox;broadcast;1;6;120;96069;120
mailbox;broadcast;1;6;120;96069;120
mailbox;broadcast;1;6;120;96069;120
mailbox;broadcast;1;6;120;96069;120
mailbox;broadcast;1;6;120;96069;120
mailbox;broadcast;1;6;120;96069;120
mailbox;broadcast;1;6;120;96069;120
mailbox;broadcast;1;6;120;96069;120
mailbox;broadcast;1;6;120;96069;120
mailbox;broadcast;1;6;120;96069;120
mailbox;broadcast;1;6;120;96069;120
mailbox;broadcast;1;6;120;96069;120
mailbox;broadcast;1;6;120;96069;120
mailbox;broadcast;1;6;120;96069;120
mailbox;broadcast;1;6;120;96069;120
mailbox;broadcast;1;6;120;96069;120
mailbox;broadcast;1;6;120;96069;120
mailbox;broadcast;1;6;120;96069;120
mailbox;broadcast;1;6;120;96069;120
mailbox;broadcast;1;6;120;96069;120
mailbox;broadcast;1;6;120;96069;120
mailbox;broadcast;1;6;120;96069;120
mailbox;broadcast;1;6;120;96069;120
mailbox;broadcast;1;6;120;96069;120
mailbox;broadcast;1;6;120;96069;120
mailbox;broadcast;1;6;120;96069;120
mailbox;broadcast;1;6;120;96069;120
mailbox;broadcast;1;7;120;92830;120
mailbox;broadcast;1;7;120;94161;120
mailbox;broadcast;1;7;120;94161;120
mailbox;broadcast;1;7;120;94161;120
mailbox;broadcast;1;7;120;94161;120
mailbox;broadcast;1;7;120;94161;120
mailbox;broadcast;1;7;120;94161;120
mailbox;broadcast;1;7;120;94161;120
mailbox;broadcast;1;7;120;94636;120
mailbox;broadcast;1;7;120;94636;120
mailbox;broadcast;1;7;120;94636;120
mailbox;broadcast;1;7;120;94636;120
mailbox;broadcast;1;7;120;94636;120
mailbox;broadcast;1;7;120;94636;120
mailbox;broadcast;1;7;120;94636;120
mailbox;broadcast;1;7;120;94636;120
mailbox;broadcast;1;7;120;94636;120
mailbox;broadcast;1;7;120;94636;120
mailbox;broadcast;1;7;120;94636;120
mailbox;broadcast;1;7;120;94636;120
mailbox;broadcast;1;7;120;94636;120
mailbox;broadcast;1;7;120;94636;120
mailbox;broadcast;1;7;120;94636;120
mailbox;broadcast;1;7;120;94636;120
mailbox;broadcast;1;7;120;94911;120
mailbox;broadcast;1;7;120;94911;120
mailbox;broadcast;1;7;120;94911;120
mailbox;broadcast;1;7;120;94911;120
mailbox;broadcast;1;7;120;94911;120
mailbox;broadcast;1;7;120;94911;120
mailbox;broadcast;1;7;120;94911;120
mailbox;broadcast;1;7;120;94911;120
mailbox;broadcast;1;7;120;94911;120
mailbox;broadcast;1;7;120;94911;120
mailbox;broadcast;1;7;120;94911;120
mailbox;broadcast;1;7;120;94911;120
mailbox;broadcast;1;7;120;94911;120
mailbox;broadcast;1;7;120;94911;120
mailbox;broadcast;1;7;120;94911;120
mailbox;broadcast;1;7;120;94911;120
mailbox;broadcast;1;7;120;94911;120
mailbox;broadcast;1;7;120;94911;120
mailbox;broadcast;1;7;120;94911;120
mailbox;broadcast;1;7;120;94911;120
mailbox;broadcast;1;7;120;94911;120
mailbox;broadcast;1;7;120;94911;120
mailbox;broadcast;1;7;120;94911;120
mailbox;broadcast;1;7;120;94911;120
mailbox;broadcast;1;7;120;94911;120
mailbox;broadcast;1;7;120;94911;120
mailbox;broadcast;1;8;120;93966;120
mailbox;broadcast;1;8;120;93966;120
mailbox;broadcast;1;8;120;94366;120
mailbox;broadcast;1;8;120;94366;120
mailbox;broadcast;1;8;120;94366;120
mailbox;broadcast;1;8;120;96463;120
mailbox;broadcast;1;8;120;96463;120
mailbox;broadcast;1;8;120;96463;120
mailbox;broadcast;1;8;120;96463;120
mailbox;broadcast;1;8;120;96463;120
mailbox;broadcast;1;8;120;96463;120
mailbox;broadcast;1;8;120;96463;120
mailbox;broadcast;1;8;120;96463;120
mailbox;broadcast;1;8;120;96463;120
mailbox;broadcast;1;8;120;96463;120
mailbox;broadcast;1;8;120;96463;120
mailbox;broadcast;1;8;120;96463;120
mailbox;broadcast;1;8;120;96463;120
mailbox;broadcast;1;8;120;96463;120
mailbox;broadcast;1;8;120;96463;120
mailbox;broadcast;1;8;120;96463;120
mailbox;broadcast;1;8;120;96463;120
mailbox;broadcast;1;8;120;96463;120
mailbox;broadcast;1;8;120;96463;120
mailbox;broadcast;1;8;120;96463;120
mailbox;broadcast;1;8;120;96463;120
mailbox;broadcast;1;8;120;96463;120
mailbox;broadcast;1;8;120;96463;120
mailbox;broadcast;1;8;120;96463;120
mailbox;broadcast;1;8;120;96463;120
mailbox;broadcast;1;8;120;96463;120
mailbox;broadcast;1;8;120;96463;120
mailbox;broadcast;1;8;120;96463;120
mailbox;broadcast;1;8;120;96463;120
mailbox;broadcast;1;8;120;96463;120
mailbox;broadcast;1;8;120;96463;120
mailbox;broadcast;1;8;120;96463;120
mailbox;broadcast;1;8;120;96463;120
mailbox;broadcast;1;8;120;96463;120
mailbox;broadcast;1;8;120;96463;120
mailbox;broadcast;1;8;120;96463;120
mailbox;broadcast;1;8;120;96463;120
mailbox;broadcast;1;8;120;96463;120
mailbox;broadcast;1;8;120;96463;120
mailbox;broadcast;1;8;120;96463;120
mailbox;broadcast;1;8;120;96463;120
mailbox;broadcast;1;8;120;96463;120
mailbox;broadcast;1;8;120;96463;120
mailbox;broadcast;1;8;120;96463;120
mailbox;broadcast;1;8;120;96463;120
mailbox;broadcast;1;9;120;93440;120
mailbox;broadcast;1;9;120;93440;120
mailbox;broadcast;1;9;120;95613;120
mailbox;broadcast;1;9;120;95613;120
mailbox;broadcast;1;9;120;95613;120
mailbox;broadcast;1;9;120;95613;120
mailbox;broadcast;1;9;120;95613;120
mailbox;broadcast;1;9;120;95613;120
mailbox;broadcast;1;9;120;95613;120
mailbox;broadcast;1;9;120;95613;120
mailbox;broadcast;1;9;120;95694;120
mailbox;broadcast;1;9;120;95694;120
mailbox;broadcast;1;9;120;95694;120
mailbox;broadcast;1;9;120;95694;120
mailbox;broadcast;1;9;120;95694;120
mailbox;broadcast;1;9;120;95694;120
mailbox;broadcast;1;9;120;95694;120
mailbox;broadcast;1;9;120;95694;120
mailbox;broadcast;1;9;120;95694;120
mailbox;broadcast;1;9;120;95694;120
mailbox;broadcast;1;9;120;95694;120
mailbox;broadcast;1;9;120;97086;120
mailbox;broadcast;1;9;120;97086;120
mailbox;broadcast;1;9;120;97086;120
mailbox;broadcast;1;9;120;97086;120
mailbox;broadcast;1;9;120;97086;120
mailbox;broadcast;1;9;120;97086;120
mailbox;broadcast;1;9;120;97086;120
mailbox;broadcast;1;9;120;97086;120
mailbox;broadcast;1;9;120;97086;120
mailbox;broadcast;1;9;120;97086;120
mailbox;broadcast;1;9;120;97086;120
mailbox;broadcast;1;9;120;97086;120
mailbox;broadcast;1;9;120;97086;120
mailbox;broadcast;1;9;120;97086;120
mailbox;broadcast;1;9;120;97086;120
mailbox;broadcast;1;9;120;97086;120
mailbox;broadcast;1;9;120;97086;120
mailbox;broadcast;1;9;120;97086;120
mailbox;broadcast;1;9;120;97086;120
mailbox;broadcast;1;9;120;97086;120
mailbox;broadcast;1;9;120;97086;120
mailbox;broadcast;1;9;120;97086;120
mailbox;broadcast;1;9;120;97086;120
mailbox;broadcast;1;9;120;97086;120
mailbox;broadcast;1;9;120;97086;120
mailbox;broadcast;1;9;120;97086;120
mailbox;broadcast;1;9;120;97086;120
mailbox;broadcast;1;9;120;97086;120
mailbox;broadcast;1;9;120;97086;120
mailbox;broadcast;1;10;120;93353;120
mailbox;broadcast;1;10;120;96042;120
mailbox;broadcast;1;10;120;96042;120
mailbox;broadcast;1;10;120;96042;120
mailbox;broadcast;1;10;120;96042;120
mailbox;broadcast;1;10;120;96042;120
mailbox;broadcast;1;10;120;96042;120
mailbox;broadcast;1;10;120;96042;120
mailbox;broadcast;1;10;120;96042;120
mailbox;broadcast;1;10;120;96042;120
mailbox;broadcast;1;10;120;96042;120
mailbox;broadcast;1;10;120;96042;120
mailbox;broadcast;1;10;120;96042;120
mailbox;broadcast;1;10;120;96042;120
mailbox;broadcast;1;10;120;96042;120
mailbox;broadcast;1;10;120;96042;120
mailbox;broadcast;1;10;120;96042;120
mailbox;broadcast;1;10;120;96042;120
mailbox;broadcast;1;10;120;96042;120
mailbox;broadcast;1;10;120;96042;120
mailbox;broadcast;1;10;120;96042;120
mailbox;broadcast;1;10;120;96148;120
mailbox;broadcast;1;10;120;96148;120
mailbox;broadcast;1;10;120;96148;120
mailbox;broadcast;1;10;120;96148;120
mailbox;broadcast;1;10;120;96148;120
mailbox;broadcast;1;10;120;96148;120
mailbox;broadcast;1;10;120;96148;120
mailbox;broadcast;1;10;120;96148;120
mailbox;broadcast;1;10;120;96148;120
mailbox;broadcast;1;10;120;96148;120
mailbox;broadcast;1;10;120;96148;120
mailbox;broadcast;1;10;120;96148;120
mailbox;broadcast;1;10;120;96148;120
mailbox;broadcast;1;10;120;96148;120
mailbox;broadcast;1;10;120;96148;120
mailbox;broadcast;1;10;120;96148;120
mailbox;broadcast;1;10;120;96148;120
mailbox;broadcast;1;10;120;96148;120
mailbox;broadcast;1;10;120;96148;120
mailbox;broadcast;1;10;120;96148;120
mailbox;broadcast;1;10;120;96148;120
mailbox;broadcast;1;10;120;96148;120
mailbox;broadcast;1;10;120;96148;120
mailbox;broadcast;1;10;120;96148;120
mailbox;broadcast;1;10;120;96148;120
mailbox;broadcast;1;10;120;96165;120
mailbox;broadcast;1;10;120;96165;120
mailbox;broadcast;1;10;120;96165;120
mailbox;broadcast;1;10;120;96165;120
mailbox;broadcast;1;11;120;95099;120
mailbox;broadcast;1;11;120;95099;120
mailbox;broadcast;1;11;120;95099;120
mailbox;broadcast;1;11;120;95099;120
mailbox;broadcast;1;11;120;97216;120
mailbox;broadcast;1;11;120;97216;120
mailbox;broadcast;1;11;120;97216;120
mailbox;broadcast;1;11;120;97216;120
mailbox;broadcast;1;11;120;97216;120
mailbox;broadcast;1;11;120;97216;120
mailbox;broadcast;1;11;120;97216;120
mailbox;broadcast;1;11;120;97216;120
mailbox;broadcast;1;11;120;97216;120
mailbox;broadcast;1;11;120;97216;120
mailbox;broadcast;1;11;120;97216;120
mailbox;broadcast;1;11;120;97216;120
mailbox;broadcast;1;11;120;97216;120
mailbox;broadcast;1;11;120;97216;120
mailbox;broadcast;1;11;120;97216;120
mailbox;broadcast;1;11;120;97216;120
mailbox;broadcast;1;11;120;97216;120
mailbox;broadcast;1;11;120;97216;120
mailbox;broadcast;1;11;120;97216;120
mailbox;broadcast;1;11;120;97216;120
mailbox;broadcast;1;11;120;97216;120
mailbox;broadcast;1;11;120;97216;120
mailbox;broadcast;1;11;120;97216;120
mailbox;broadcast;1;11;120;97216;120
mailbox;broadcast;1;11;120;97216;120
mailbox;broadcast;1;11;120;97216;120
mailbox;broadcast;1;11;120;97216;120
mailbox;broadcast;1;11;120;97216;120
mailbox;broadcast;1;11;120;97216;120
mailbox;broadcast;1;11;120;97216;120
mailbox;broadcast;1;11;120;97216;120
mailbox;broadcast;1;11;120;97216;120
mailbox;broadcast;1;11;120;97216;120
mailbox;broadcast;1;11;120;97216;120
mailbox;broadcast;1;11;120;97216;120
mailbox;broadcast;1;11;120;97216;120
mailbox;broadcast;1;11;120;97216;120
mailbox;broadcast;1;11;120;97216;120
mailbox;broadcast;1;11;120;97216;120
mailbox;broadcast;1;11;120;97216;120
mailbox;broadcast;1;11;120;97216;120
mailbox;broadcast;1;11;120;97216;120
mailbox;broadcast;1;11;120;97216;120
mailbox;broadcast;1;11;120;97216;120
mailbox;broadcast;1;11;120;97216;120
mailbox;broadcast;1;11;120;97216;120
mailbox;broadcast;1;12;120;94369;120
mailbox;broadcast;1;12;120;94624;120
mailbox;broadcast;1;12;120;95197;120
mailbox;broadcast;1;12;120;97053;120
mailbox;broadcast;1;12;120;97053;120
mailbox;broadcast;1;12;120;97053;120
mailbox;broadcast;1;12;120;97053;120
mailbox;broadcast;1;12;120;97053;120
mailbox;broadcast;1;12;120;97053;120
mailbox;broadcast;1;12;120;97053;120
mailbox;broadcast;1;12;120;97053;120
mailbox;broadcast;1;12;120;97053;120
mailbox;broadcast;1;12;120;97053;120
mailbox;broadcast;1;12;120;97053;120
mailbox;broadcast;1;12;120;97053;120
mailbox;broadcast;1;12;120;97053;120
mailbox;broadcast;1;12;120;97053;120
mailbox;broadcast;1;12;120;97053;120
mailbox;broadcast;1;12;120;97053;120
mailbox;broadcast;1;12;120;97053;120
mailbox;broadcast;1;12;120;97053;120
mailbox;broadcast;1;12;120;97053;120
mailbox;broadcast;1;12;120;97053;120
mailbox;broadcast;1;12;120;97053;120
mailbox;broadcast;1;12;120;97053;120
mailbox;broadcast;1;12;120;97053;120
mailbox;broadcast;1;12;120;97053;120
mailbox;broadcast;1;12;120;97053;120
mailbox;broadcast;1;12;120;97053;120
mailbox;broadcast;1;12;120;97053;120
mailbox;broadcast;1;12;120;97053;120
mailbox;broadcast;1;12;120;97053;120
mailbox;broadcast;1;12;120;97053;120
mailbox;broadcast;1;12;120;97053;120
mailbox;broadcast;1;12;120;97053;120
mailbox;broadcast;1;12;120;97053;120
mailbox;broadcast;1;12;120;97053;120
mailbox;broadcast;1;12;120;97053;120
mailbox;broadcast;1;12;120;97053;120
mailbox;broadcast;1;12;120;97053;120
mailbox;broadcast;1;12;120;97053;120
mailbox;broadcast;1;12;120;97053;120
mailbox;broadcast;1;12;120;97053;120
mailbox;broadcast;1;12;120;97053;120
mailbox;broadcast;1;12;120;97053;120
mailbox;broadcast;1;12;120;97053;120
mailbox;broadcast;1;12;120;97053;120
mailbox;broadcast;1;12;120;97053;120
mailbox;broadcast;1;12;120;97053;120
mailbox;broadcast;1;12;120;97053;120
mailbox;broadcast;1;13;120;94410;120
mailbox;broadcast;1;13;120;94902;120
mailbox;broadcast;1;13;120;95396;120
mailbox;broadcast;1;13;120;95396;120
mailbox;broadcast;1;13;120;95396;120
mailbox;broadcast;1;13;120;95396;120
mailbox;broadcast;1;13;120;95396;120
mailbox;broadcast;1;13;120;95396;120
mailbox;broadcast;1;13;120;95420;120
mailbox;broadcast;1;13;120;95420;120
mailbox;broadcast;1;13;120;96147;120
mailbox;broadcast;1;13;120;96147;120
mailbox;broadcast;1;13;120;96147;120
mailbox;broadcast;1;13;120;96147;120
mailbox;broadcast;1;13;120;96147;120
mailbox;broadcast;1;13;120;96147;120
mailbox;broadcast;1;13;120;96147;120
mailbox;broadcast;1;13;120;96147;120
mailbox;broadcast;1;13;120;96147;120
mailbox;broadcast;1;13;120;96147;120
mailbox;broadcast;1;13;120;96147;120
mailbox;broadcast;1;13;120;96147;120
mailbox;broadcast;1;13;120;96147;120
mailbox;broadcast;1;13;120;96147;120
mailbox;broadcast;1;13;120;96147;120
mailbox;broadcast;1;13;120;96147;120
mailbox;broadcast;1;13;120;96147;120
mailbox;broadcast;1;13;120;96147;120
mailbox;broadcast;1;13;120;96147;120
mailbox;broadcast;1;13;120;96147;120
mailbox;broadcast;1;13;120;96147;120
mailbox;broadcast;1;13;120;96147;120
mailbox;broadcast;1;13;120;98044;120
mailbox;broadcast;1;13;120;98044;120
mailbox;broadcast;1;13;120;98044;120
mailbox;broadcast;1;13;120;98044;120
mailbox;broadcast;1;13;120;98044;120
mailbox;broadcast;1;13;120;98044;120
mailbox;broadcast;1;13;120;98044;120
mailbox;broadcast;1;13;120;98044;120
mailbox;broadcast;1;13;120;98044;120
mailbox;broadcast;1;13;120;98044;120
mailbox;broadcast;1;13;120;98044;120
mailbox;broadcast;1;13;120;98044;120
mailbox;broadcast;1;13;120;98044;120
mailbox;broadcast;1;13;120;98044;120
mailbox;broadcast;1;13;120;98044;120
mailbox;broadcast;1;13;120;98044;120
mailbox;broadcast;1;13;120;98044;120
mailbox;broadcast;1;13;120;98044;120
mailbox;broadcast;1;14;120;94029;120
mailbox;broadcast;1;14;120;96013;120
mailbox;broadcast;1;14;120;96833;120
mailbox;broadcast;1;14;120;96833;120
mailbox;broadcast;1;14;120;96987;120
mailbox;broadcast;1;14;120;96987;120
mailbox;broadcast;1;14;120;96987;120
mailbox;broadcast;1;14;120;96987;120
mailbox;broadcast;1;14;120;96987;120
mailbox;broadcast;1;14;120;96987;120
mailbox;broadcast;1;14;120;96987;120
mailbox;broadcast;1;14;120;96987;120
mailbox;broadcast;1;14;120;96987;120
mailbox;broadcast;1;14;120;98287;120
mailbox;broadcast;1;14;120;98447;120
mailbox;broadcast;1;14;120;98447;120
mailbox;broadcast;1;14;120;98447;120
mailbox;broadcast;1;14;120;98447;120
mailbox;broadcast;1;14;120;98447;120
mailbox;broadcast;1;14;120;98447;120
mailbox;broadcast;1;14;120;98447;120
mailbox;broadcast;1;14;120;98447;120
mailbox;broadcast;1;14;120;98447;120
mailbox;broadcast;1;14;120;98447;120
mailbox;broadcast;1;14;120;98447;120
mailbox;broadcast;1;14;120;98447;120
mailbox;broadcast;1;14;120;98447;120
mailbox;broadcast;1;14;120;98447;120
mailbox;broadcast;1;14;120;98447;120
mailbox;broadcast;1;14;120;98447;120
mailbox;broadcast;1;14;120;98447;120
mailbox;broadcast;1;14;120;98447;120
mailbox;broadcast;1;14;120;98447;120
mailbox;broadcast;1;14;120;98447;120
mailbox;broadcast;1;14;120;98447;120
mailbox;broadcast;1;14;120;98447;120
mailbox;broadcast;1;14;120;98447;120
mailbox;broadcast;1;14;120;98447;120
mailbox;broadcast;1;14;120;98447;120
mailbox;broadcast;1;14;120;98447;120
mailbox;broadcast;1;14;120;98447;120
mailbox;broadcast;1;14;120;98447;120
mailbox;broadcast;1;14;120;98447;120
mailbox;broadcast;1;14;120;98447;120
mailbox;broadcast;1;14;120;98447;120
mailbox;broadcast;1;14;120;98447;120
mailbox;broadcast;1;14;120;98447;120
mailbox;broadcast;1;14;120;98447;120
mailbox;broadcast;1;14;120;98447;120
mailbox;broadcast;1;14;120;98447;120
mailbox;broadcast;1;15;120;95440;120
mailbox;broadcast;1;15;120;95440;120
mailbox;broadcast;1;15;120;95440;120
mailbox;broadcast;1;15;120;96452;120
mailbox;broadcast;1;15;120;96452;120
mailbox;broadcast;1;15;120;96452;120
mailbox;broadcast;1;15;120;98224;120
mailbox;broadcast;1;15;120;98224;120
mailbox;broadcast;1;15;120;98224;120
mailbox;broadcast;1;15;120;98224;120
mailbox;broadcast;1;15;120;98224;120
mailbox;broadcast;1;15;120;98224;120
mailbox;broadcast;1;15;120;98224;120
mailbox;broadcast;1;15;120;98224;120
mailbox;broadcast;1;15;120;98224;120
mailbox;broadcast;1;15;120;98224;120
mailbox;broadcast;1;15;120;98224;120
mailbox;broadcast;1;15;120;98224;120
mailbox;broadcast;1;15;120;98224;120
mailbox;broadcast;1;15;120;98224;120
mailbox;broadcast;1;15;120;98224;120
mailbox;broadcast;1;15;120;98224;120
mailbox;broadcast;1;15;120;98451;120
mailbox;broadcast;1;15;120;98451;120
mailbox;broadcast;1;15;120;98451;120
mailbox;broadcast;1;15;120;98451;120
mailbox;broadcast;1;15;120;98451;120
mailbox;broadcast;1;15;120;98451;120
mailbox;broadcast;1;15;120;98451;120
mailbox;broadcast;1;15;120;98451;120
mailbox;broadcast;1;15;120;98451;120
mailbox;broadcast;1;15;120;98451;120
mailbox;broadcast;1;15;120;98451;120
mailbox;broadcast;1;15;120;98451;120
mailbox;broadcast;1;15;120;98451;120
mailbox;broadcast;1;15;120;98451;120
mailbox;broadcast;1;15;120;98451;120
mailbox;broadcast;1;15;120;98451;120
mailbox;broadcast;1;15;120;98451;120
mailbox;broadcast;1;15;120;98451;120
mailbox;broadcast;1;15;120;98451;120
mailbox;broadcast;1;15;120;98451;120
mailbox;broadcast;1;15;120;98451;120
mailbox;broadcast;1;15;120;98451;120
mailbox;broadcast;1;15;120;98451;120
mailbox;broadcast;1;15;120;98451;120
mailbox;broadcast;1;15;120;98451;120
mailbox;broadcast;1;15;120;98451;120
mailbox;broadcast;1;15;120;98451;120
mailbox;broadcast;1;15;120;98451;120
mailbox;broadcast;1;16;120;94728;120
mailbox;broadcast;1;16;120;95371;120
mailbox;broadcast;1;16;120;95672;120
mailbox;broadcast;1;16;120;97155;120
mailbox;broadcast;1;16;120;98016;120
mailbox;broadcast;1;16;120;98016;120
mailbox;broadcast;1;16;120;98016;120
mailbox;broadcast;1;16;120;98016;120
mailbox;broadcast;1;16;120;98016;120
mailbox;broadcast;1;16;120;98016;120
mailbox;broadcast;1;16;120;98016;120
mailbox;broadcast;1;16;120;98016;120
mailbox;broadcast;1;16;120;98016;120
mailbox;broadcast;1;16;120;98016;120
mailbox;broadcast;1;16;120;98016;120
mailbox;broadcast;1;16;120;98016;120
mailbox;broadcast;1;16;120;98016;120
mailbox;broadcast;1;16;120;98016;120
mailbox;broadcast;1;16;120;98016;120
mailbox;broadcast;1;16;120;98016;120
mailbox;broadcast;1;16;120;98016;120
mailbox;broadcast;1;16;120;98016;120
mailbox;broadcast;1;16;120;98016;120
mailbox;broadcast;1;16;120;98016;120
mailbox;broadcast;1;16;120;98016;120
mailbox;broadcast;1;16;120;98016;120
mailbox;broadcast;1;16;120;98016;120
mailbox;broadcast;1;16;120;98016;120
mailbox;broadcast;1;16;120;98016;120
mailbox;broadcast;1;16;120;98016;120
mailbox;broadcast;1;16;120;98016;120
mailbox;broadcast;1;16;120;98016;120
mailbox;broadcast;1;16;120;98016;120
mailbox;broadcast;1;16;120;98016;120
mailbox;broadcast;1;16;120;98016;120
mailbox;broadcast;1;16;120;98016;120
mailbox;broadcast;1;16;120;98016;120
mailbox;broadcast;1;16;120;98016;120
mailbox;broadcast;1;16;120;98016;120
mailbox;broadcast;1;16;120;98016;120
mailbox;broadcast;1;16;120;98016;120
mailbox;broadcast;1;16;120;98016;120
mailbox;broadcast;1;16;120;98016;120
mailbox;broadcast;1;16;120;98016;120
mailbox;broadcast;1;16;120;98016;120
mailbox;broadcast;1;16;120;98016;120
mailbox;broadcast;1;16;120;98016;120
mailbox;broadcast;1;16;120;98016;120
mailbox;broadcast;1;16;120;98016;120
mailbox;broadcast;1;16;120;98016;120
